[
    {
      "gambar": "images/mcc.jpg",
      "judul": "Kunjungan MCC Malang",
      "deskripsi": "Kunjungan industri ke MCC Malang bareng temen-temen sekelas! Kita explore gimana dunia kerja digital, dapet insight keren soal teknologi, dan pastinya nambah pengalaman yang relate banget sama jurusan kita. Seru, edukatif, tapi tetap chill!"
    },
    {
      "gambar": "images/sendra tari.jpg",
      "judul": "Sendra Tari P5",
      "deskripsi": "Gokil! Kelas XII B tampil all out di acara sendratari sekolah. Kostum nyentrik, vibe budaya lokal, dan kekompakan tim bikin penampilan mereka pecah banget! Bukti kalau seni tradisional tetap bisa dibikin keren sama anak zaman now."
    },
    {
      "gambar": "images/skal.jpg",
      "judul": "SKAL 2024",
      "deskripsi": "XII B nggak cuma healing, tapi juga upgrading iman! Perjalanan SKAL ke makam Wali 9 jadi momen epic buat ziarah, ngulik sejarah Islam, dan makin dekat sama yang di atas. Full vibes, full makna, dan pastinya penuh kenangan seru bareng bestie sekelas!."
    }
  ]
  