[
    {
        "nama": "Aril Fila Sofa",
        "ttl": "Kediri",
        "kontak": "0895-1004-4680",
        "foto": "aril.jpg"
    },
    {
        "nama": "Wibi Aldiansyah F",
        "ttl": "Kediri",
        "kontak": "0858-5515-9211",
        "foto": "wibi.jpg"
    },
    {
        "nama": "Adinda Sabrina",
        "ttl": "Kediri",
        "kontak": "0882-3585-6625",
        "foto": "adinda.jpg"
    },
    {
        "nama": "Ahmad Agha Asfar R.P",
        "ttl": "Kediri",
        "kontak": "0877-9191-2338",
        "foto": "agha.jpg"
    },
    {
        "nama": "Firda Laili Iszatul H",
        "ttl": "Kediri",
        "kontak": "0878-9127-3496",
        "foto": "firda.jpg"
    },
    {
        "nama": "Lintang Ramadani H",
        "ttl": "Kediri",
        "kontak": "0856-0876-6354",
        "foto": "lintang.jpg"
    },
    {
        "nama": "Julius Aditya P.P",
        "ttl": "Kediri",
        "kontak": "0822-2873-1244",
        "foto": "julius.jpg"
    },
    {
        "nama": "Qitaranaya azallea sarajiva",
        "ttl": "Kediri",
        "kontak": "0858-0470-7107",
        "foto": "naya.jpg"
    },
    {
        "nama": "Masharea",
        "ttl": "Kediri",
        "kontak": "0856-4847-2654",
        "foto": "rea.jpg"
    },
    {
        "nama": "Muhammad Fahmi F",
        "ttl": "Kediri",
        "kontak": "0838-4808-2593",
        "foto": "fahmi.jpg"
    },
    {
        "nama": "David Cahyo Nugroho",
        "ttl": "Kediri",
        "kontak": "0823-3323-5916",
        "foto": "david.jpg"
    },
    {
        "nama": "Hafidz Ahmad Al Ghazali",
        "ttl": "Kediri",
        "kontak": "0856-4585-8850",
        "foto": "hafidz.jpg"
    },
    {
        "nama": "Septian Jery Pratama",
        "ttl": "Kediri",
        "kontak": "0858-5086-0486",
        "foto": "jery.jpg"
    },
    {
        "nama": "Muhimatul kalafiya",
        "ttl": "Kediri",
        "kontak": "0857-0830-1807",
        "foto": "muhim.jpg"
    },
    {
        "nama": "Nayla jamilatu azzahro",
        "ttl": "Kediri",
        "kontak": "0857-8534-6596",
        "foto": "nayla.jpg"
    },
    {
        "nama": "Raisa Raihana agustina",
        "ttl": "Kediri",
        "kontak": "0852-5796-3406",
        "foto": "raisa.jpg"
    },
    {
        "nama": "M Firlana Syafa Nugroho",
        "ttl": "Kediri",
        "kontak": "0857-0600-8756",
        "foto": "syafa.jpg"
    },
    {
        "nama": "Muhammad ashrul aqbil M",
        "ttl": "Kediri",
        "kontak": "0877-5803-3488",
        "foto": "aqbil.jpg"
    },
    {
        "nama": "Rizky agung bahrudin",
        "ttl": "Kediri",
        "kontak": "0816-567-751",
        "foto": "agung.jpg"
    },
    {
        "nama": "Muhammad Fathul azhiim",
        "ttl": "Kediri",
        "kontak": "0821-3189-0874",
        "foto": "azhiim.jpg"
    },
    {
        "nama": "chelsea avriella A",
        "ttl": "Kediri",
        "kontak": "0895-0999-8293",
        "foto": "chelsea.jpg"
    },
    {
        "nama": "Riyan Fikry arrayi",
        "ttl": "Kediri",
        "kontak": "0857-3642-6524",
        "foto": "fikri.jpg"
    },
    {
        "nama": "dhennys putra a",
        "ttl": "Kediri",
        "kontak": "0858-1336-4609",
        "foto": "denis.jpg"
    },
    {
        "nama": "Gita dwi Wahyu S",
        "ttl": "Kediri",
        "kontak": "0858-5981-2348",
        "foto": "gita.jpg"
    },
    {
        "nama": "Intan nur aini",
        "ttl": "Kediri",
        "kontak": "0853-3498-9655",
        "foto": "intan.jpg"
    },
    {
        "nama": "Basyairani nurrahma",
        "ttl": "Kediri",
        "kontak": "0856-4839-7620",
        "foto": "ira.jpg"
    },
    {
        "nama": "Isa nur halim",
        "ttl": "Kediri",
        "kontak": "0858-0673-4049",
        "foto": "isa.jpg"
    },
    {
        "nama": "Myco Jihan Muhammad N",
        "ttl": "Kediri",
        "kontak": "0858-5205-1943",
        "foto": "myco.jpg"
    },
    {
        "nama": "Khoirun nisa",
        "ttl": "Kediri",
        "kontak": "0815-1575-6966",
        "foto": "nisa.jpg"
    },
    {
        "nama": "Nobel Arya Cakra P",
        "ttl": "Kediri",
        "kontak": "0896-3011-7556",
        "foto": "nobel.jpg"
    },
    {
        "nama": "Vido Rahman adani",
        "ttl": "Kediri",
        "kontak": "0822-3766-8683",
        "foto": "vido.jpg"
    },
    {
        "nama": "Nadine safwabilla AKS",
        "ttl": "Kediri",
        "kontak": "0857-8430-5900",
        "foto": "nadin.jpg"
    },
    {
        "nama": "Moch. Ilham Ramadhan",
        "ttl": "Kediri",
        "kontak": "0857-3183-8030",
        "foto": "ilham.jpg"
    }
]